{
  "system": "Linux",
  "version": "0.7.0",
  "lite": false,
  "py_version": "3.10",
  "py_version_micro": "3.10.4",
  "packages": {
    "regex": "2023.6.3",
    "certifi": "2023.5.7",
    "fsspec": "2023.5.0",
    "tifffile": "2023.4.12",
    "pytz": "2023.3",
    "tzdata": "2023.3",
    "dask": "2022.8.1",
    "distributed": "2022.8.1",
    "pyzmq": "24.0.1",
    "attrs": "23.1.0",
    "packaging": "23.1",
    "argon2-cffi": "21.3.0",
    "argon2-cffi-bindings": "21.2.0",
    "virtualenv": "20.23.0",
    "lit": "16.0.5.post0",
    "rich": "13.4.1",
    "pyarrow": "12.0.0",
    "nvidia-cublas-cu11": "11.10.3.66",
    "nvidia-cuda-cupti-cu11": "11.7.101",
    "nvidia-cuda-nvrtc-cu11": "11.7.99",
    "nvidia-cuda-runtime-cu11": "11.7.99",
    "nvidia-nvtx-cu11": "11.7.91",
    "nvidia-cusparse-cu11": "11.7.4.91",
    "nvidia-cusolver-cu11": "11.4.0.1",
    "nvidia-cufft-cu11": "10.9.0.58",
    "nvidia-curand-cu11": "10.2.10.91",
    "pillow": "9.5.0",
    "nvidia-cudnn-cu11": "8.5.0.96",
    "ipython": "8.5.0",
    "tenacity": "8.2.2",
    "thinc": "8.1.10",
    "ipywidgets": "8.0.4",
    "jupyter-client": "7.3.5",
    "nbconvert": "7.2.1",
    "minio": "7.1.11",
    "ipykernel": "6.16.0",
    "notebook": "6.4.12",
    "jupyter-console": "6.4.4",
    "smart-open": "6.3.0",
    "tornado": "6.1",
    "multidict": "6.0.4",
    "pyyaml": "6.0",
    "flake8": "6.0.0",
    "plotly": "5.15.0",
    "psutil": "5.9.1",
    "ujson": "5.7.0",
    "nbformat": "5.7.0",
    "qtconsole": "5.4.0",
    "traitlets": "5.4.0",
    "cachetools": "5.3.1",
    "decorator": "5.1.1",
    "bleach": "5.0.1",
    "tqdm": "4.65.0",
    "fonttools": "4.36.0",
    "transformers": "4.26.1",
    "jsonschema": "4.17.3",
    "beautifulsoup4": "4.11.1",
    "jupyter-core": "4.11.1",
    "antlr4-python3-runtime": "4.9.3",
    "rsa": "4.9",
    "gdown": "4.7.1",
    "typing-extensions": "4.6.2",
    "ordered-set": "4.1.0",
    "widgetsnbextension": "4.0.5",
    "async-timeout": "4.0.2",
    "h2o": "3.38.0.1",
    "cmake": "3.26.3",
    "protobuf": "3.20.3",
    "filelock": "3.12.0",
    "aiohttp": "3.8.4",
    "nltk": "3.8.1",
    "h5py": "3.8.0",
    "prettytable": "3.6.0",
    "matplotlib": "3.5.3",
    "spacy": "3.5.3",
    "platformdirs": "3.5.1",
    "markdown": "3.4.3",
    "idna": "3.4",
    "lightgbm": "3.3.5",
    "langcodes": "3.3.0",
    "xxhash": "3.2.0",
    "emcee": "3.1.2",
    "jinja2": "3.1.2",
    "networkx": "3.1",
    "charset-normalizer": "3.1.0",
    "threadpoolctl": "3.1.0",
    "prompt-toolkit": "3.0.31",
    "spacy-legacy": "3.0.12",
    "preshed": "3.0.8",
    "jupyterlab-widgets": "3.0.5",
    "pyflakes": "3.0.1",
    "requests": "2.31.0",
    "imageio": "2.31.0",
    "pycparser": "2.21",
    "google-auth": "2.19.1",
    "fastjsonschema": "2.16.2",
    "nvidia-nccl-cu11": "2.14.3",
    "pygments": "2.13.0",
    "tensorboard": "2.13.0",
    "datasets": "2.12.0",
    "pycodestyle": "2.10.0",
    "python-dateutil": "2.8.2",
    "fastai": "2.7.12",
    "tensorboardx": "2.6",
    "liac-arff": "2.5.0",
    "srsly": "2.4.6",
    "nptyping": "2.4.1",
    "sortedcontainers": "2.4.0",
    "werkzeug": "2.3.6",
    "soupsieve": "2.3.2.post1",
    "qtpy": "2.3.0",
    "omegaconf": "2.2.3",
    "ray": "2.2.0",
    "zict": "2.2.0",
    "markdown-it-py": "2.2.0",
    "markupsafe": "2.1.2",
    "cloudpickle": "2.1.0",
    "fanova": "2.0.19",
    "asttokens": "2.0.8",
    "catalogue": "2.0.8",
    "cymem": "2.0.7",
    "mistune": "2.0.4",
    "pandas": "2.0.2",
    "urllib3": "2.0.2",
    "tomli": "2.0.1",
    "torch": "2.0.1",
    "autopep8": "2.0.1",
    "nas-bench-201": "2.0",
    "triton": "2.0.0",
    "grpcio": "1.54.2",
    "botocore": "1.29.150",
    "boto3": "1.26.150",
    "numpy": "1.24.3",
    "cffi": "1.15.1",
    "wrapt": "1.15.0",
    "sympy": "1.12",
    "pydantic": "1.10.9",
    "scipy": "1.10.1",
    "pytorch-lightning": "1.9.5",
    "yarl": "1.9.2",
    "gpytorch": "1.9.0",
    "pmdarima": "1.8.5",
    "send2trash": "1.8.0",
    "xgboost": "1.7.5",
    "pytorch-metric-learning": "1.7.3",
    "pysocks": "1.7.1",
    "tblib": "1.7.0",
    "debugpy": "1.6.3",
    "fastcore": "1.5.29",
    "nest-asyncio": "1.5.6",
    "torchsummary": "1.5.1",
    "pandocfilters": "1.5.0",
    "kiwisolver": "1.4.4",
    "pywavelets": "1.4.1",
    "absl-py": "1.4.0",
    "statsforecast": "1.4.0",
    "frozenlist": "1.3.3",
    "requests-oauthlib": "1.3.1",
    "aiosignal": "1.3.1",
    "mpmath": "1.3.0",
    "text-unidecode": "1.3",
    "partd": "1.3.0",
    "deprecated": "1.2.14",
    "scikit-learn": "1.2.2",
    "seqeval": "1.2.2",
    "joblib": "1.2.0",
    "smac": "1.2",
    "nlpaug": "1.1.11",
    "tbats": "1.1.3",
    "wasabi": "1.1.2",
    "catboost": "1.1.1",
    "tinycss2": "1.1.1",
    "executing": "1.1.1",
    "murmurhash": "1.0.9",
    "msgpack": "1.0.4",
    "spacy-loggers": "1.0.4",
    "fastprogress": "1.0.3",
    "jmespath": "1.0.1",
    "heapdict": "1.0.1",
    "jupyter": "1.0.0",
    "locket": "1.0.0",
    "google-auth-oauthlib": "1.0.0",
    "foresight": "1.0.0",
    "multiprocess": "0.70.14",
    "numba": "0.57.0",
    "llvmlite": "0.40.1rc1",
    "cython": "0.29.32",
    "graphviz": "0.20.1",
    "scikit-image": "0.19.3",
    "docutils": "0.19",
    "future": "0.18.2",
    "jedi": "0.18.1",
    "responses": "0.18.0",
    "accelerate": "0.16.0",
    "terminado": "0.16.0",
    "torchtext": "0.15.2",
    "sktime": "0.15.1",
    "auto-sklearn": "0.14.7",
    "huggingface-hub": "0.14.1",
    "torchvision": "0.14.1",
    "prometheus-client": "0.14.1",
    "statsmodels": "0.13.5",
    "tokenizers": "0.13.3",
    "xmltodict": "0.13.0",
    "skorch": "0.13.0",
    "gluonts": "0.12.8",
    "openml": "0.12.2",
    "seaborn": "0.12.1",
    "toolz": "0.12.0",
    "cycler": "0.11.0",
    "py4j": "0.10.9.7",
    "pathy": "0.10.1",
    "tabulate": "0.9.0",
    "pyrfr": "0.8.3",
    "parso": "0.8.3",
    "torchmetrics": "0.8.2",
    "lightning-utilities": "0.8.0",
    "blis": "0.7.9",
    "pickleshare": "0.7.5",
    "defusedxml": "0.7.1",
    "autogluon.common": "0.7.0",
    "typer": "0.7.0",
    "autogluon.multimodal": "0.7.0",
    "tensorboard-data-server": "0.7.0",
    "nbclient": "0.7.0",
    "autogluon.tabular": "0.7.0",
    "autogluon": "0.7.0",
    "autogluon.timeseries": "0.7.0",
    "autogluon.core": "0.7.0",
    "autogluon.features": "0.7.0",
    "mccabe": "0.7.0",
    "timm": "0.6.13",
    "pynisher": "0.6.4",
    "s3transfer": "0.6.1",
    "torchdata": "0.6.1",
    "loguru": "0.6.0",
    "patsy": "0.5.3",
    "webencodings": "0.5.1",
    "stack-data": "0.5.1",
    "configspace": "0.4.21",
    "fairscale": "0.4.13",
    "pytorch-ignite": "0.4.10",
    "entrypoints": "0.4",
    "pytesseract": "0.3.10",
    "openmim": "0.3.7",
    "distlib": "0.3.6",
    "dill": "0.3.6",
    "pydeprecate": "0.3.2",
    "evaluate": "0.3.0",
    "hyperopt": "0.2.7",
    "wcwidth": "0.2.5",
    "pure-eval": "0.2.2",
    "jupyterlab-pygments": "0.2.2",
    "backcall": "0.2.0",
    "sentencepiece": "0.1.99",
    "model-index": "0.1.11",
    "tabpfn": "0.1.9",
    "matplotlib-inline": "0.1.6",
    "mdurl": "0.1.2",
    "linear-operator": "0.1.1",
    "ped-c": "0.1",
    "pytorchcv": "0.0.67",
    "fastdownload": "0.0.7",
    "confection": "0.0.4",
    "systemd-python": "234",
    "setuptools": "59.6.0",
    "ubuntu-advantage-tools": "27.8",
    "keyring": "23.5.0",
    "twisted": "22.1.0",
    "cloud-init": "22.1",
    "pip": "22.0.2",
    "incremental": "21.3.0",
    "hyperlink": "21.0.0",
    "pyopenssl": "21.0.0",
    "automat": "20.2.0",
    "service-identity": "18.1.0",
    "constantly": "15.1.0",
    "more-itertools": "8.10.0",
    "click": "8.0.3",
    "ssh-import-id": "5.11",
    "zope.interface": "5.4.0",
    "configobj": "5.0.6",
    "pexpect": "4.8.0",
    "importlib-metadata": "4.6.4",
    "sos": "4.3",
    "chardet": "4.0.0",
    "pygobject": "3.42.0",
    "pyserial": "3.5",
    "cryptography": "3.4.8",
    "secretstorage": "3.3.1",
    "bcrypt": "3.2.0",
    "oauthlib": "3.2.0",
    "babel": "2.8.0",
    "pyparsing": "2.4.7",
    "python-apt": "2.3.0+ubuntu2",
    "pyjwt": "2.3.0",
    "pyhamcrest": "2.0.2",
    "jsonpointer": "2.0",
    "jsonpatch": "1.32",
    "six": "1.16.0",
    "launchpadlib": "1.10.16",
    "distro": "1.7.0",
    "blinker": "1.4",
    "wadllib": "1.3.6",
    "dbus-python": "1.2.18",
    "greenlet": "1.1.2",
    "lazr.uri": "1.0.6",
    "zipp": "1.0.0",
    "wheel": "0.37.1",
    "ufw": "0.36.1",
    "httplib2": "0.20.2",
    "pyrsistent": "0.18.1",
    "lazr.restfulclient": "0.14.4",
    "netifaces": "0.11.0",
    "jeepney": "0.7.1",
    "ptyprocess": "0.7.0",
    "pyasn1": "0.4.8",
    "colorama": "0.4.4",
    "pynvim": "0.4.2",
    "command-not-found": "0.3",
    "pyasn1-modules": "0.2.1",
    "ipython-genutils": "0.2.0",
    "unattended-upgrades": "0.1",
    "python-debian": "0.1.43ubuntu1",
    "distro-info": "1.1build1"
  }
}